<?xml version="1.0" encoding="UTF-8"?>
<beans xmlns="http://www.springframework.org/schema/beans"
	xmlns:xsi="http://www.w3.org/2001/XMLSchema-instance" xmlns:p="http://www.springframework.org/schema/p"
	xmlns:aop="http://www.springframework.org/schema/aop" xmlns:context="http://www.springframework.org/schema/context"
	xmlns:jee="http://www.springframework.org/schema/jee" xmlns:tx="http://www.springframework.org/schema/tx"
	xmlns:mvc="http://www.springframework.org/schema/mvc" xmlns:jpa="http://www.springframework.org/schema/data/jpa"
	xmlns:task="http://www.springframework.org/schema/task"
	xsi:schemaLocation="http://www.springframework.org/schema/aop 
						http://www.springframework.org/schema/aop/spring-aop-4.1.xsd 
						http://www.springframework.org/schema/beans 
						http://www.springframework.org/schema/beans/spring-beans-4.1.xsd 
						http://www.springframework.org/schema/context 
						http://www.springframework.org/schema/context/spring-context-4.1.xsd 
						http://www.springframework.org/schema/jee 
						http://www.springframework.org/schema/jee/spring-jee-4.1.xsd
						http://www.springframework.org/schema/data/jpa
   						http://www.springframework.org/schema/data/jpa/spring-jpa.xsd
						http://www.springframework.org/schema/tx 
						http://www.springframework.org/schema/tx/spring-tx-4.1.xsd 
						http://www.springframework.org/schema/task 
						http://www.springframework.org/schema/task/spring-task-4.1.xsd
						">
						
						<jpa:repositories base-package="web.auto.dao"></jpa:repositories>
						
	<bean id="entityManagerFactory"
		class="org.springframework.orm.jpa.LocalContainerEntityManagerFactoryBean">
		<property name="jpaVendorAdapter">
			<bean class="org.springframework.orm.jpa.vendor.HibernateJpaVendorAdapter"></bean>
		</property>
		<property name="persistenceXmlLocation" value="classpath:/META-INF/persistence.xml"></property>
		<property name="persistenceUnitName" value="hello"></property>
	</bean>

	<bean id="transactionManager" class="org.springframework.orm.jpa.JpaTransactionManager">
		<property name="entityManagerFactory" ref="entityManagerFactory"></property>
	</bean>

	<context:component-scan base-package="web.auto.*"></context:component-scan>

	<tx:annotation-driven transaction-manager="transactionManager" />
</beans>