<?xml version="1.0" encoding="UTF-8"?>
<!DOCTYPE tiles-definitions PUBLIC
       "-//Apache Software Foundation//DTD Tiles Configuration 2.0//EN"
       "http://tiles.apache.org/dtds/tiles-config_3_0.dtd">
<tiles-definitions>
	<definition name="base.definition" template="/tiles/Layout.jsp">
		<put-attribute name="header" value="/tiles/Header.jsp"></put-attribute>
		<put-attribute name="footer" value="/tiles/Footer.jsp"></put-attribute>
		<put-attribute name="body" value=""></put-attribute>
	</definition>
	
	<definition name="home" extends="base.definition">
		<put-attribute name="body" value="/HomePage.jsp"></put-attribute>
		<put-attribute name="title" value="Hello"></put-attribute>
	
	</definition>
	
	<definition name="*-info" extends="base.definition">
		<put-attribute name="body" value="/views/{1}.jsp"></put-attribute>
	</definition>
	
	<definition name="*-commodity" extends="base.definition">
		<put-attribute name="body" value="/views/commodity/{1}.jsp"></put-attribute>
	</definition>
	
	
	 <definition name="news-*" extends="base.definition">
		<put-attribute name="body" value="/views/news/{1}.jsp"></put-attribute>
	</definition> 

	<definition name="producer-*" extends="base.definition">
		<put-attribute name="body" value="/views/producer/{1}.jsp"></put-attribute>
	</definition> 

	<definition name="*" extends="base.definition">
	 	<put-attribute name="body" value="/views/{1}.jsp"></put-attribute>	
	</definition>
	
	
	
<!-- 	<definition name="registration" extends="base.definition">
	 	<put-attribute name="body" value="/views/registration.jsp"></put-attribute>	
	</definition> -->
	
</tiles-definitions>

