<?xml version="1.0" encoding="UTF-8"?>

<beans:beans xmlns="http://www.springframework.org/schema/security"
	xmlns:beans="http://www.springframework.org/schema/beans" xmlns:xsi="http://www.w3.org/2001/XMLSchema-instance"
	xsi:schemaLocation="http://www.springframework.org/schema/beans 
                    http://www.springframework.org/schema/beans/spring-beans-4.1.xsd
                    http://www.springframework.org/schema/security 
                    http://www.springframework.org/schema/security/spring-security-4.0.xsd">

	<http use-expressions="true">
		<csrf disabled="true" />
		<intercept-url pattern="/" access="permitAll" />
<!-- 	<intercept-url pattern="/" access="isAuthenticated()" />
		<intercept-url pattern="/" access="hasRole('ROLE_ADMIN')" />  -->

		<logout logout-url="/logout" logout-success-url="/" />


		<form-login login-page="/loginpage" login-processing-url="/loginprocessing" />
	</http>


	<beans:bean id="encoder"
		class="org.springframework.security.crypto.bcrypt.BCryptPasswordEncoder"></beans:bean>

	<authentication-manager>
		<authentication-provider>
			<user-service>
				<user name="taras" password="taras" authorities="ROLE_ADMIN" />
				<user name="petro" password="petro" authorities="ROLE_USER" />
			</user-service>
		</authentication-provider>
		
			<authentication-provider user-service-ref="userDetailsService">
			<password-encoder ref="encoder"></password-encoder>
		</authentication-provider> 
		
	</authentication-manager>
	


<beans:import resource="classpath:/META-INF/appContext.xml" />

</beans:beans>