<?xml version="1.0" encoding="UTF-8"?>
<beans xmlns="http://www.springframework.org/schema/beans"
	xmlns:xsi="http://www.w3.org/2001/XMLSchema-instance" xmlns:context="http://www.springframework.org/schema/context"
	xmlns:mvc="http://www.springframework.org/schema/mvc"
	xsi:schemaLocation="http://www.springframework.org/schema/beans 
						http://www.springframework.org/schema/beans/spring-beans-4.1.xsd 
												http://www.springframework.org/schema/mvc 
        http://www.springframework.org/schema/mvc/spring-mvc-4.1.xsd
						http://www.springframework.org/schema/context 
						http://www.springframework.org/schema/context/spring-context-4.1.xsd">


	<import resource="classpath:/META-INF/appContext.xml" />

	<bean id="viewResolver"
		class="org.springframework.web.servlet.view.UrlBasedViewResolver">
		<property name="viewClass">
			<value>org.springframework.web.servlet.view.tiles3.TilesView</value>
		</property>
	</bean>

	<bean id="tilesConfigurer"
		class="org.springframework.web.servlet.view.tiles3.TilesConfigurer">
		<property name="definitions">
			<list>
				<value>/WEB-INF/tiles.xml</value>
			</list>
		</property>
	</bean>

	<bean id="multipartResolver"
		class="org.springframework.web.multipart.commons.CommonsMultipartResolver">
			<property name="maxUploadSize" value="2000000"></property>
	</bean>

	<mvc:annotation-driven></mvc:annotation-driven>
	<mvc:resources location="/resources/" mapping="/resources/**"></mvc:resources>

</beans>